trial,learning_rate,batch_size,epochs,dropout_rate,l2_rate,fine_tune_layers,validation_macro_f1
1,0.0001,16,30,0.2,0.0001,60,0.872424133310766
2,1e-05,32,30,0.3,1e-05,30,0.8881367619665361
3,0.0005,32,30,0.2,0.001,60,0.023132084200786492
4,5e-05,16,30,0.3,0.001,60,0.8824851816768079
5,0.0005,16,20,0.1,0.001,60,0.023132084200786492
6,0.0005,16,30,0.3,0.001,30,0.8870289295718652
7,5e-05,32,25,0.2,0.0001,60,0.9010205684847171
8,0.0001,16,30,0.3,0.001,30,0.8937508201514176
9,5e-05,32,25,0.1,0.0001,60,0.9036907111617527
10,5e-05,32,30,0.2,1e-05,60,0.9050853848085815
11,5e-05,16,25,0.4,0.001,100,0.8876819884072774
12,0.0001,32,20,0.4,0.001,60,0.8782728522608066
13,0.0005,32,30,0.2,0.0001,60,0.7285597371213229
14,1e-05,32,20,0.1,0.001,100,0.8884275590212141
15,0.0001,32,20,0.3,0.001,100,0.8873914941069387
16,5e-05,32,30,0.3,1e-05,100,0.9069815199844922
17,0.0005,16,25,0.1,0.0001,100,0.023132084200786492
18,5e-05,32,30,0.4,0.001,60,0.9012771693509627
19,1e-05,32,25,0.3,0.001,100,0.894341696037793
20,1e-05,16,30,0.1,1e-05,100,0.8953685272160019
